source,shared_from,date,text,reactions,likes,ahah,love,wow,sigh,grrr,comments,post_id,url
Wendi DelValle,,2019-02-16,An illegal immigrant killed my 24 year old brother about a mile from his home. My brother was test driving a motorcycle and the illegal immigrant pulled out in front of him(the man was driving unlicensed and illegally) then left my brother to die on the side of the road. So I support the wall 100%!!,3002,1.9K,53,194,7,822,25,,,https://mbasic.facebook.com/comment/replies/?ctoken=10162169751605725_10162170395620725&p=1143&count=1178&pc=1&ft_ent_identifier=10162169751605725&gfid=AQD7K5TYIToGSOtP&refid=52&__tn__=R
source,shared_from,date,text,reactions,likes,ahah,love,wow,sigh,grrr,comments,post_id,url
Wendi DelValle,,2019-02-16,An illegal immigrant killed my 24 year old brother about a mile from his home. My brother was test driving a motorcycle and the illegal immigrant pulled out in front of him(the man was driving unlicensed and illegally) then left my brother to die on the side of the road. So I support the wall 100%!!,3002,1.9K,53,194,7,822,25,,,https://mbasic.facebook.com/comment/replies/?ctoken=10162169751605725_10162170395620725&p=1143&count=1178&pc=1&ft_ent_identifier=10162169751605725&gfid=AQD7K5TYIToGSOtP&refid=52&__tn__=R
source,shared_from,date,text,reactions,likes,ahah,love,wow,sigh,grrr,comments,post_id,url
Wendi DelValle,,2019-02-16,An illegal immigrant killed my 24 year old brother about a mile from his home. My brother was test driving a motorcycle and the illegal immigrant pulled out in front of him(the man was driving unlicensed and illegally) then left my brother to die on the side of the road. So I support the wall 100%!!,3002,1.9K,53,194,7,822,25,,,https://mbasic.facebook.com/comment/replies/?ctoken=10162169751605725_10162170395620725&p=1143&count=1178&pc=1&ft_ent_identifier=10162169751605725&gfid=AQD7K5TYIToGSOtP&refid=52&__tn__=R
source,shared_from,date,text,reactions,likes,ahah,love,wow,sigh,grrr,comments,post_id,url
Wendi DelValle,,2019-02-16,An illegal immigrant killed my 24 year old brother about a mile from his home. My brother was test driving a motorcycle and the illegal immigrant pulled out in front of him(the man was driving unlicensed and illegally) then left my brother to die on the side of the road. So I support the wall 100%!!,3002,1.9K,53,194,7,822,25,,,https://mbasic.facebook.com/comment/replies/?ctoken=10162169751605725_10162170395620725&p=1143&count=1178&pc=1&ft_ent_identifier=10162169751605725&gfid=AQD7K5TYIToGSOtP&refid=52&__tn__=R
source,shared_from,date,text,reactions,likes,ahah,love,wow,sigh,grrr,comments,post_id,url
Wendi DelValle,,2019-02-16,An illegal immigrant killed my 24 year old brother about a mile from his home. My brother was test driving a motorcycle and the illegal immigrant pulled out in front of him(the man was driving unlicensed and illegally) then left my brother to die on the side of the road. So I support the wall 100%!!,3002,1.9K,53,194,7,822,25,,,https://mbasic.facebook.com/comment/replies/?ctoken=10162169751605725_10162170395620725&p=1143&count=1178&pc=1&ft_ent_identifier=10162169751605725&gfid=AQD7K5TYIToGSOtP&refid=52&__tn__=R
source,shared_from,date,text,reactions,likes,ahah,love,wow,sigh,grrr,comments,post_id,url
Wendi DelValle,,2019-02-16,An illegal immigrant killed my 24 year old brother about a mile from his home. My brother was test driving a motorcycle and the illegal immigrant pulled out in front of him(the man was driving unlicensed and illegally) then left my brother to die on the side of the road. So I support the wall 100%!!,3002,1.9K,53,194,7,822,25,,,https://mbasic.facebook.com/comment/replies/?ctoken=10162169751605725_10162170395620725&p=1143&count=1178&pc=1&ft_ent_identifier=10162169751605725&gfid=AQD7K5TYIToGSOtP&refid=52&__tn__=R
source,shared_from,date,text,reactions,likes,ahah,love,wow,sigh,grrr,comments,post_id,url
Wendi DelValle,,2019-02-16,An illegal immigrant killed my 24 year old brother about a mile from his home. My brother was test driving a motorcycle and the illegal immigrant pulled out in front of him(the man was driving unlicensed and illegally) then left my brother to die on the side of the road. So I support the wall 100%!!,3002,1.9K,53,194,7,822,25,,,https://mbasic.facebook.com/comment/replies/?ctoken=10162169751605725_10162170395620725&p=1143&count=1178&pc=1&ft_ent_identifier=10162169751605725&gfid=AQD7K5TYIToGSOtP&refid=52&__tn__=R
source,shared_from,date,text,reactions,likes,ahah,love,wow,sigh,grrr,comments,post_id,url
Wendi DelValle,,2019-02-16,An illegal immigrant killed my 24 year old brother about a mile from his home. My brother was test driving a motorcycle and the illegal immigrant pulled out in front of him(the man was driving unlicensed and illegally) then left my brother to die on the side of the road. So I support the wall 100%!!,3002,1.9K,53,194,7,822,25,,,https://mbasic.facebook.com/comment/replies/?ctoken=10162169751605725_10162170395620725&p=1143&count=1178&pc=1&ft_ent_identifier=10162169751605725&gfid=AQD7K5TYIToGSOtP&refid=52&__tn__=R
source,shared_from,date,text,reactions,likes,ahah,love,wow,sigh,grrr,comments,post_id,url
Wendi DelValle,,2019-02-16,An illegal immigrant killed my 24 year old brother about a mile from his home. My brother was test driving a motorcycle and the illegal immigrant pulled out in front of him(the man was driving unlicensed and illegally) then left my brother to die on the side of the road. So I support the wall 100%!!,3002,1.9K,53,194,7,822,25,,,https://mbasic.facebook.com/comment/replies/?ctoken=10162169751605725_10162170395620725&p=1143&count=1178&pc=1&ft_ent_identifier=10162169751605725&gfid=AQD7K5TYIToGSOtP&refid=52&__tn__=R
source,shared_from,date,text,reactions,likes,ahah,love,wow,sigh,grrr,comments,post_id,url
Wendi DelValle,,2019-02-16,An illegal immigrant killed my 24 year old brother about a mile from his home. My brother was test driving a motorcycle and the illegal immigrant pulled out in front of him(the man was driving unlicensed and illegally) then left my brother to die on the side of the road. So I support the wall 100%!!,3002,1.9K,53,194,7,822,25,,,https://mbasic.facebook.com/comment/replies/?ctoken=10162169751605725_10162170395620725&p=1143&count=1178&pc=1&ft_ent_identifier=10162169751605725&gfid=AQD7K5TYIToGSOtP&refid=52&__tn__=R
source,shared_from,date,text,reactions,likes,ahah,love,wow,sigh,grrr,comments,post_id,url,name,gender,birthday,current_city,hometown,work,education,interested_in
Thomas Holkenbrink,,2019-02-16,"Wendi DelValle sounds like guns in the wrong hands is the issue, not walls.   5 Americans shot and killed at their job, by another American.",12,1.9K,53,194,7,822,25,,,https://mbasic.facebook.com/comment/replies/?ctoken=10162169751605725_10162170395620725&p=1143&count=1178&pc=1&ft_ent_identifier=10162169751605725&gfid=AQD7K5TYIToGSOtP&refid=52&__tn__=R,,,,,,,,
Kay Mike,,2019-02-16,"I'm sorry for your loss. But then, how about white males shooting up schools and theaters? This is utter hypocrisy!",46,1.9K,53,194,7,822,25,,,https://mbasic.facebook.com/comment/replies/?ctoken=10162169751605725_10162170395620725&p=1173&count=1178&pc=4&pgdir=1&ft_ent_identifier=10162169751605725&gfid=AQAoGPaYKeO9BhtF,,,,,,,,
source,shared_from,date,text,reactions,likes,ahah,love,wow,sigh,grrr,comments,post_id,url,name,gender,birthday,current_city,hometown,work,education,interested_in
Thomas Holkenbrink,,2019-02-16,"Wendi DelValle sounds like guns in the wrong hands is the issue, not walls.   5 Americans shot and killed at their job, by another American.",12,1.9K,53,194,7,822,25,,,https://mbasic.facebook.com/comment/replies/?ctoken=10162169751605725_10162170395620725&p=1143&count=1178&pc=1&ft_ent_identifier=10162169751605725&gfid=AQD7K5TYIToGSOtP&refid=52&__tn__=R,,,,,,,,
,,,,,,,,,,,,,,Wendi DelValle,Female,,"Plant City, Florida","Lithia, Florida",Nunya Bidness,Durant High School,
,,,,,,,,,,,,,,Wendi DelValle,Female,,"Plant City, Florida","Lithia, Florida",Nunya Bidness,Durant High School,
,,,,,,,,,,,,,,Wendi DelValle,Female,,"Plant City, Florida","Lithia, Florida",Nunya Bidness,Durant High School,
,,,,,,,,,,,,,,Wendi DelValle,Female,,"Plant City, Florida","Lithia, Florida",Nunya Bidness,Durant High School,
Kay Mike,,2019-02-16,"I'm sorry for your loss. But then, how about white males shooting up schools and theaters? This is utter hypocrisy!",46,1.9K,53,194,7,822,25,,,https://mbasic.facebook.com/comment/replies/?ctoken=10162169751605725_10162170395620725&p=1173&count=1178&pc=4&pgdir=1&ft_ent_identifier=10162169751605725&gfid=AQAoGPaYKeO9BhtF,,,,,,,,
,,,,,,,,,,,,,,Danny Jones,Male,,,,,,
,,,,,,,,,,,,,,Danny Jones,Male,,,,,,
,,,,,,,,,,,,,,Danny Jones,Male,,,,,,
,,,,,,,,,,,,,,Danny Jones,Male,,,,,,
,,,,,,,,,,,,,,Danny Jones,Male,,,,,,
,,,,,,,,,,,,,,Danny Jones,Male,,,,,,
,,,,,,,,,,,,,,Danny Jones,Male,,,,,,
,,,,,,,,,,,,,,Danny Jones,Male,,,,,,
,,,,,,,,,,,,,,Danny Jones,Male,,,,,,
,,,,,,,,,,,,,,Danny Jones,Male,,,,,,
,,,,,,,,,,,,,,Danny Jones,Male,,,,,,
,,,,,,,,,,,,,,Danny Jones,Male,,,,,,
,,,,,,,,,,,,,,Danny Jones,Male,,,,,,
,,,,,,,,,,,,,,Danny Jones,Male,,,,,,
,,,,,,,,,,,,,,Danny Jones,Male,,,,,,
,,,,,,,,,,,,,,Danny Jones,Male,,,,,,
Linda Bogert,,2019-02-16,Silvia Serra Lobo He has the facts illegals get benefits right away but Americans are on a waiting list . You get the facts 🇺🇸,9,893,40,72,2,8,3,,,https://mbasic.facebook.com/comment/replies/?ctoken=10162169751605725_10162170387005725&p=150&count=157&pc=16&pgdir=1&ft_ent_identifier=10162169751605725&gfid=AQCexfb-Mpshu6TF,,,,,,,,
,,,,,,,,,,,,,,Eva Graham,Female,,"Decatur, Alabama",,Decatur General,"Wallace Community College,Otto von Guericke",
source,shared_from,date,text,reactions,likes,ahah,love,wow,sigh,grrr,comments,post_id,url,name,gender,birthday,current_city,hometown,work,education,interested_in
Johnny Bomar,,2019-02-16,Por pendejo tu hermano,20,1.9K,53,194,7,822,25,,,https://mbasic.facebook.com/comment/replies/?ctoken=10162169751605725_10162170395620725&p=1143&count=1178&pc=1&ft_ent_identifier=10162169751605725&gfid=AQD7K5TYIToGSOtP&refid=52&__tn__=R,,,,,,,,
,,,,,,,,,,,,,,Wendi DelValle,Female,,"Plant City, Florida","Lithia, Florida",Nunya Bidness,Durant High School,
,,,,,,,,,,,,,,Wendi DelValle,Female,,"Plant City, Florida","Lithia, Florida",Nunya Bidness,Durant High School,
,,,,,,,,,,,,,,Wendi DelValle,Female,,"Plant City, Florida","Lithia, Florida",Nunya Bidness,Durant High School,
,,,,,,,,,,,,,,Wendi DelValle,Female,,"Plant City, Florida","Lithia, Florida",Nunya Bidness,Durant High School,
Kay Mike,,2019-02-16,"I'm sorry for your loss. But then, how about white males shooting up schools and theaters? This is utter hypocrisy!",46,1.9K,53,194,7,822,25,,,https://mbasic.facebook.com/comment/replies/?ctoken=10162169751605725_10162170395620725&p=1173&count=1178&pc=4&pgdir=1&ft_ent_identifier=10162169751605725&gfid=AQAoGPaYKeO9BhtF,,,,,,,,
,,,,,,,,,,,,,,Danny Jones,Male,,,,,,
,,,,,,,,,,,,,,Danny Jones,Male,,,,,,
,,,,,,,,,,,,,,Danny Jones,Male,,,,,,
,,,,,,,,,,,,,,Danny Jones,Male,,,,,,
,,,,,,,,,,,,,,Danny Jones,Male,,,,,,
