source,reply_to,date,text,reactions,likes,ahah,love,wow,sigh,grrr,comments,post_id,url,name,gender,birthday,current_city,hometown,work,education,interested_in
Thomas Holkenbrink,Wendi DelValle,2019-02-16,"Wendi DelValle sounds like guns in the wrong hands is the issue, not walls.   5 Americans shot and killed at their job, by another American.",12,1.9K,53,194,7,822,25,,,https://mbasic.facebook.com/comment/replies/?ctoken=10162169751605725_10162170395620725&p=1143&count=1178&pc=1&ft_ent_identifier=10162169751605725&gfid=AQD7K5TYIToGSOtP&refid=52&__tn__=R,,,,,,,,
,,,,,,,,,,,,,,Wendi DelValle,Female,,"Plant City, Florida","Lithia, Florida",Nunya Bidness,Durant High School,
,,,,,,,,,,,,,,Wendi DelValle,Female,,"Plant City, Florida","Lithia, Florida",Nunya Bidness,Durant High School,
,,,,,,,,,,,,,,Wendi DelValle,Female,,"Plant City, Florida","Lithia, Florida",Nunya Bidness,Durant High School,
,,,,,,,,,,,,,,Wendi DelValle,Female,,"Plant City, Florida","Lithia, Florida",Nunya Bidness,Durant High School,
Kay Mike,Wendi DelValle,2019-02-16,"I'm sorry for your loss. But then, how about white males shooting up schools and theaters? This is utter hypocrisy!",46,1.9K,53,194,7,822,25,,,https://mbasic.facebook.com/comment/replies/?ctoken=10162169751605725_10162170395620725&p=1173&count=1178&pc=4&pgdir=1&ft_ent_identifier=10162169751605725&gfid=AQAoGPaYKeO9BhtF,,,,,,,,
,,,,,,,,,,,,,,Danny Jones,Male,,,,,,
,,,,,,,,,,,,,,Danny Jones,Male,,,,,,
,,,,,,,,,,,,,,Danny Jones,Male,,,,,,
,,,,,,,,,,,,,,Danny Jones,Male,,,,,,
,,,,,,,,,,,,,,Danny Jones,Male,,,,,,
,,,,,,,,,,,,,,Danny Jones,Male,,,,,,
,,,,,,,,,,,,,,Danny Jones,Male,,,,,,
,,,,,,,,,,,,,,Danny Jones,Male,,,,,,
source,reply_to,date,text,reactions,likes,ahah,love,wow,sigh,grrr,comments,post_id,url,name,gender,birthday,current_city,hometown,work,education,interested_in
Thomas Holkenbrink,Wendi DelValle,2019-02-16,"Wendi DelValle sounds like guns in the wrong hands is the issue, not walls.   5 Americans shot and killed at their job, by another American.",12,1.9K,53,194,7,822,25,,,https://mbasic.facebook.com/comment/replies/?ctoken=10162169751605725_10162170395620725&p=1143&count=1178&pc=1&ft_ent_identifier=10162169751605725&gfid=AQD7K5TYIToGSOtP&refid=52&__tn__=R,,,,,,,,
,,,,,,,,,,,,,,Wendi DelValle,Female,,"Plant City, Florida","Lithia, Florida",Nunya Bidness,Durant High School,
,,,,,,,,,,,,,,Wendi DelValle,Female,,"Plant City, Florida","Lithia, Florida",Nunya Bidness,Durant High School,
,,,,,,,,,,,,,,Wendi DelValle,Female,,"Plant City, Florida","Lithia, Florida",Nunya Bidness,Durant High School,
,,,,,,,,,,,,,,Wendi DelValle,Female,,"Plant City, Florida","Lithia, Florida",Nunya Bidness,Durant High School,
Kay Mike,Wendi DelValle,2019-02-16,"I'm sorry for your loss. But then, how about white males shooting up schools and theaters? This is utter hypocrisy!",46,1.9K,53,194,7,822,25,,,https://mbasic.facebook.com/comment/replies/?ctoken=10162169751605725_10162170395620725&p=1173&count=1178&pc=4&pgdir=1&ft_ent_identifier=10162169751605725&gfid=AQAoGPaYKeO9BhtF,,,,,,,,
,,,,,,,,,,,,,,Danny Jones,Male,,,,,,
,,,,,,,,,,,,,,Danny Jones,Male,,,,,,
source,reply_to,date,text,reactions,likes,ahah,love,wow,sigh,grrr,comments,post_id,url,name,gender,birthday,current_city,hometown,work,education,interested_in
Wendi DelValle,ROOT,2019-02-16,An illegal immigrant killed my 24 year old brother about a mile from his home. My brother was test driving a motorcycle and the illegal immigrant pulled out in front of him(the man was driving unlicensed and illegally) then left my brother to die on the side of the road. So I support the wall 100%!!,3002,1.9K,53,194,7,822,25,,,https://mbasic.facebook.com/comment/replies/?ctoken=10162169751605725_10162170395620725&p=1143&count=1178&pc=1&ft_ent_identifier=10162169751605725&gfid=AQD7K5TYIToGSOtP&refid=52&__tn__=R,,,,,,,,
name,gender,birthday,current_city,hometown,work,education,interested_in,page
Wendi DelValle,Female,,"Plant City, Florida","Lithia, Florida",Nunya Bidness,Durant High School,, /WendiDelvalle
