source,reply_to,date,text,reactions,likes,ahah,love,wow,sigh,grrr,comments,post_id,url,name,gender,birthday,current_city,hometown,work,education,interested_in
Thomas Holkenbrink,Wendi DelValle,2019-02-16,"Wendi DelValle sounds like guns in the wrong hands is the issue, not walls.   5 Americans shot and killed at their job, by another American.",12,1.9K,53,194,7,822,25,,,https://mbasic.facebook.com/comment/replies/?ctoken=10162169751605725_10162170395620725&p=1143&count=1178&pc=1&ft_ent_identifier=10162169751605725&gfid=AQAGkpqLNf7N0UCZ&refid=52&__tn__=R,,,,,,,,
Brandon Turner,Wendi DelValle,2019-02-16,How many children have been killed by Americans?,4,1.9K,53,194,7,822,25,,,https://mbasic.facebook.com/comment/replies/?ctoken=10162169751605725_10162170395620725&p=1143&count=1178&pc=1&ft_ent_identifier=10162169751605725&gfid=AQAGkpqLNf7N0UCZ&refid=52&__tn__=R,,,,,,,,
Jordan Miller,Wendi DelValle,2019-02-16,"Wendi DelValle if a white guy would’ve done the same thing, would you be wanting to banish white dudes from the country? Sorry for the loss of your brother.",44,1.9K,53,194,7,822,25,,,https://mbasic.facebook.com/comment/replies/?ctoken=10162169751605725_10162170395620725&p=1153&count=1178&pc=2&pgdir=1&ft_ent_identifier=10162169751605725&gfid=AQBjOhD7ADcOW6PW,,,,,,,,
Brandon Turner,Wendi DelValle,2019-02-16,How many children have been killed by Americans?,3,1.9K,53,194,7,822,25,,,https://mbasic.facebook.com/comment/replies/?ctoken=10162169751605725_10162170395620725&p=1143&count=1178&pc=1&ft_ent_identifier=10162169751605725&gfid=AQAGkpqLNf7N0UCZ&refid=52&__tn__=R,,,,,,,,
Brandon Turner,Wendi DelValle,2019-02-16,How many children have been killed by Americans?,5,1.9K,53,194,7,822,25,,,https://mbasic.facebook.com/comment/replies/?ctoken=10162169751605725_10162170395620725&p=1143&count=1178&pc=1&ft_ent_identifier=10162169751605725&gfid=AQAGkpqLNf7N0UCZ&refid=52&__tn__=R,,,,,,,,
Tom Spriggs,Wendi DelValle,2019-02-16,"Lisa Vocelka omg, that is the dumbest response ever. how about to keep them from coming in to commit the crime in the first place. you tell them to ignore our laws and then wonder why they do",12,1.9K,53,194,7,822,25,,,https://mbasic.facebook.com/comment/replies/?ctoken=10162169751605725_10162170395620725&p=1143&count=1178&pc=1&ft_ent_identifier=10162169751605725&gfid=AQAGkpqLNf7N0UCZ&refid=52&__tn__=R,,,,,,,,
Natosha Nason,Wendi DelValle,2019-02-16,How many kids  and people where killed by Americans how many illegals ran up in schools or churches or shopping malls compared to these Americans lol,11,1.9K,53,194,7,822,25,,,https://mbasic.facebook.com/comment/replies/?ctoken=10162169751605725_10162170395620725&p=1143&count=1178&pc=1&ft_ent_identifier=10162169751605725&gfid=AQAGkpqLNf7N0UCZ&refid=52&__tn__=R,,,,,,,,
Johnny Bomar,Wendi DelValle,2019-02-16,Por pendejo tu hermano,20,1.9K,53,194,7,822,25,,,https://mbasic.facebook.com/comment/replies/?ctoken=10162169751605725_10162170395620725&p=1143&count=1178&pc=1&ft_ent_identifier=10162169751605725&gfid=AQAGkpqLNf7N0UCZ&refid=52&__tn__=R,,,,,,,,
David Hotaling,Wendi DelValle,2019-02-16,Brandon Turner it won't  bring her brother back but it will save someone else's brother. BUILD THE WALL,1037,1.9K,53,194,7,822,25,,,https://mbasic.facebook.com/comment/replies/?ctoken=10162169751605725_10162170395620725&p=1143&count=1178&pc=1&ft_ent_identifier=10162169751605725&gfid=AQAGkpqLNf7N0UCZ&refid=52&__tn__=R,,,,,,,,
Wendi DelValle,ROOT,2019-02-16,An illegal immigrant killed my 24 year old brother about a mile from his home. My brother was test driving a motorcycle and the illegal immigrant pulled out in front of him(the man was driving unlicensed and illegally) then left my brother to die on the side of the road. So I support the wall 100%!!,3002,1.9K,53,194,7,822,25,,,https://mbasic.facebook.com/comment/replies/?ctoken=10162169751605725_10162170395620725&p=1143&count=1178&pc=1&ft_ent_identifier=10162169751605725&gfid=AQAGkpqLNf7N0UCZ&refid=52&__tn__=R,,,,,,,,
source,reply_to,date,text,reactions,likes,ahah,love,wow,sigh,grrr,comments,post_id,url,name,gender,birthday,current_city,hometown,work,education,interested_in
Thomas Holkenbrink,Wendi DelValle,2019-02-16,"Wendi DelValle sounds like guns in the wrong hands is the issue, not walls.   5 Americans shot and killed at their job, by another American.",12,1.9K,53,194,7,822,25,,,https://mbasic.facebook.com/comment/replies/?ctoken=10162169751605725_10162170395620725&p=1143&count=1178&pc=1&ft_ent_identifier=10162169751605725&gfid=AQAGkpqLNf7N0UCZ&refid=52&__tn__=R,,,,,,,,
Brandon Turner,Wendi DelValle,2019-02-16,How many children have been killed by Americans?,4,1.9K,53,194,7,822,25,,,https://mbasic.facebook.com/comment/replies/?ctoken=10162169751605725_10162170395620725&p=1143&count=1178&pc=1&ft_ent_identifier=10162169751605725&gfid=AQAGkpqLNf7N0UCZ&refid=52&__tn__=R,,,,,,,,
,,,,,,,,,,,,,,Wendi DelValle,Female,,"Plant City, Florida","Lithia, Florida",Nunya Bidness,Durant High School,
,,,,,,,,,,,,,,Wendi DelValle,Female,,"Plant City, Florida","Lithia, Florida",Nunya Bidness,Durant High School,
,,,,,,,,,,,,,,Wendi DelValle,Female,,"Plant City, Florida","Lithia, Florida",Nunya Bidness,Durant High School,
Kay Mike,Wendi DelValle,2019-02-16,"I'm sorry for your loss. But then, how about white males shooting up schools and theaters? This is utter hypocrisy!",46,1.9K,53,194,7,822,25,,,https://mbasic.facebook.com/comment/replies/?ctoken=10162169751605725_10162170395620725&p=1173&count=1178&pc=4&pgdir=1&ft_ent_identifier=10162169751605725&gfid=AQDfiRmsPYuIu-0j,,,,,,,,
Angel Precious,Danny Jones,2019-02-22,"Everybody cares about his or her own self, but as a president his primary aim suppose to be putting the  needs of the masses first before considering his own need because without the masses who voted for him he will not be in that seat.",,893,40,72,2,8,3,,,https://mbasic.facebook.com/comment/replies/?ctoken=10162169751605725_10162170387005725&count=157&curr&pc=1&ft_ent_identifier=10162169751605725&gfid=AQBtMaEbOGuaMFD3&refid=52&__tn__=R,,,,,,,,
,,,,,,,,,,,,,,Danny Jones,Male,,,,,,
,,,,,,,,,,,,,,Danny Jones,Male,,,,,,
,,,,,,,,,,,,,,Danny Jones,Male,,,,,,
,,,,,,,,,,,,,,Danny Jones,Male,,,,,,
,,,,,,,,,,,,,,Danny Jones,Male,,,,,,
,,,,,,,,,,,,,,Danny Jones,Male,,,,,,
,,,,,,,,,,,,,,Danny Jones,Male,,,,,,
,,,,,,,,,,,,,,Danny Jones,Male,,,,,,
,,,,,,,,,,,,,,Danny Jones,Male,,,,,,
,,,,,,,,,,,,,,Danny Jones,Male,,,,,,
,,,,,,,,,,,,,,Danny Jones,Male,,,,,,
,,,,,,,,,,,,,,Danny Jones,Male,,,,,,
,,,,,,,,,,,,,,Danny Jones,Male,,,,,,
,,,,,,,,,,,,,,Danny Jones,Male,,,,,,
,,,,,,,,,,,,,,Danny Jones,Male,,,,,,
Linda Bogert,Danny Jones,2019-02-16,Silvia Serra Lobo He has the facts illegals get benefits right away but Americans are on a waiting list . You get the facts 🇺🇸,9,893,40,72,2,8,3,,,https://mbasic.facebook.com/comment/replies/?ctoken=10162169751605725_10162170387005725&p=150&count=157&pc=16&pgdir=1&ft_ent_identifier=10162169751605725&gfid=AQC2SZpF9zvSG_wO,,,,,,,,
George Long,Eva Graham,2019-02-18,Albert J Destefanis we already know you are the party of the ignorant,,731,55,50,2,,4,,,https://mbasic.facebook.com/comment/replies/?ctoken=10162169751605725_10162170388465725&count=93&curr&pc=1&ft_ent_identifier=10162169751605725&gfid=AQDznKl8lTkH3bg-&refid=52&__tn__=R,,,,,,,,
,,,,,,,,,,,,,,Eva Graham,Female,,"Decatur, Alabama",,Decatur General,"Wallace Community College,Otto von Guericke",
,,,,,,,,,,,,,,Eva Graham,Female,,"Decatur, Alabama",,Decatur General,"Wallace Community College,Otto von Guericke",
,,,,,,,,,,,,,,Eva Graham,Female,,"Decatur, Alabama",,Decatur General,"Wallace Community College,Otto von Guericke",
,,,,,,,,,,,,,,Eva Graham,Female,,"Decatur, Alabama",,Decatur General,"Wallace Community College,Otto von Guericke",
,,,,,,,,,,,,,,Eva Graham,Female,,"Decatur, Alabama",,Decatur General,"Wallace Community College,Otto von Guericke",
,,,,,,,,,,,,,,Eva Graham,Female,,"Decatur, Alabama",,Decatur General,"Wallace Community College,Otto von Guericke",
,,,,,,,,,,,,,,Eva Graham,Female,,"Decatur, Alabama",,Decatur General,"Wallace Community College,Otto von Guericke",
,,,,,,,,,,,,,,Eva Graham,Female,,"Decatur, Alabama",,Decatur General,"Wallace Community College,Otto von Guericke",
,,,,,,,,,,,,,,Eva Graham,Female,,"Decatur, Alabama",,Decatur General,"Wallace Community College,Otto von Guericke",
Mike Woodruff,Eva Graham,2019-02-16,Maria Nichols you ever get tired of being a loser?,2,731,55,50,2,,4,,,https://mbasic.facebook.com/comment/replies/?ctoken=10162169751605725_10162170388465725&p=90&count=93&pc=10&pgdir=1&ft_ent_identifier=10162169751605725&gfid=AQBOOrHxapYYol4a,,,,,,,,
Kevin Michael Cutlip,Alberto Weisz,2019-02-16,Hal Eric Mitlitsky With any luck that won't be for AT LEAST another 5 years. Hopefully more.,3,604,48,38,1,,1,,,https://mbasic.facebook.com/comment/replies/?ctoken=10162169751605725_10162170377070725&p=135&count=174&pc=1&ft_ent_identifier=10162169751605725&gfid=AQBax5Ayv1Z-YLrS&refid=52&__tn__=R,,,,,,,,
,,,,,,,,,,,,,,Alberto Weisz,Male,,Adamantina,Adamantina,,,
,,,,,,,,,,,,,,Alberto Weisz,Male,,Adamantina,Adamantina,,,
,,,,,,,,,,,,,,Alberto Weisz,Male,,Adamantina,Adamantina,,,
Bernadette Siravo,Alberto Weisz,2019-02-16,Alberto Weisz 👍👍,4,604,48,38,1,,1,,,https://mbasic.facebook.com/comment/replies/?ctoken=10162169751605725_10162170377070725&p=165&count=174&pc=4&pgdir=1&ft_ent_identifier=10162169751605725&gfid=AQCUL3Yit2D5yACu,,,,,,,,
Maria Cannizzaro,Lynn Limauro Floyd,2019-02-19,"Lynn Limauro Floyd How sad!!!! Yes,  BUILD THE WALL!  YOUR SON'S DEATH SHOULD NOT BE IN VAIN!  WRITE PELOSI AND SHUMER! WRITE MANY LETTERS! GO TO THE PRESS!!!! NOT CNN THOUGH....THEY WILL TWIST THE FACTS AND WILL EVEN BLAME YOUR SON ...OR EVEN YOU!!! OUT WITH THE DEMONCRATS! OUT!!!!!! THE ARE TREASONOUS!",,123,2,10,,45,1,,,https://mbasic.facebook.com/comment/replies/?ctoken=10162169751605725_109898119997924&count=20&curr&pc=1&ft_ent_identifier=10162169751605725&gfid=AQCy3fYglE6AdG7b&refid=52&__tn__=R,,,,,,,,
,,,,,,,,,,,,,,Lynn Limauro Floyd ,Female,,,,,,
Bonnie Heaps- Cristi,Lynn Limauro Floyd,2019-02-17,Lynn Limauro Floyd  firing squad is better,,123,2,10,,45,1,,,https://mbasic.facebook.com/comment/replies/?ctoken=10162169751605725_109898119997924&p=10&count=20&pc=2&pgdir=1&ft_ent_identifier=10162169751605725&gfid=AQDmQ8Wm4sLBRXDE,,,,,,,,
Henk Adelbert Lapomarda Griffin,Linda Durbin,2019-02-20,"James Chapman Yes I am already quite familiar with all of the Lies, Propaganda, and Fake News disseminated by the Central Fake News Agency operated out of the Oval Office and Trump Tower!!!",,540,66,71,,,3,,,https://mbasic.facebook.com/comment/replies/?ctoken=10162169751605725_10162170375750725&count=97&curr&pc=1&ft_ent_identifier=10162169751605725&gfid=AQDkifqhjZYMFFGO&refid=52&__tn__=R,,,,,,,,
,,,,,,,,,,,,,,Linda Durbin,Female,,,,,,
,,,,,,,,,,,,,,Linda Durbin,Female,,,,,,
,,,,,,,,,,,,,,Linda Durbin,Female,,,,,,
,,,,,,,,,,,,,,Linda Durbin,Female,,,,,,
,,,,,,,,,,,,,,Linda Durbin,Female,,,,,,
,,,,,,,,,,,,,,Linda Durbin,Female,,,,,,
,,,,,,,,,,,,,,Linda Durbin,Female,,,,,,
,,,,,,,,,,,,,,Linda Durbin,Female,,,,,,
,,,,,,,,,,,,,,Linda Durbin,Female,,,,,,
Joseph Anthony Soto,Linda Durbin,2019-02-16,Timothy Kershner Illegal's do NOT belong in this country...let alone killing ANYONE...,,540,66,71,,,3,,,https://mbasic.facebook.com/comment/replies/?ctoken=10162169751605725_10162170375750725&p=90&count=97&pc=10&pgdir=1&ft_ent_identifier=10162169751605725&gfid=AQCjuLCG7yjC-9V0,,,,,,,,
Larry Fields,Betsy Hammond,2019-02-16,"Betsy Hammond do you realize we could have all that, is the Democrats would stop wasting $150 billion a year in benefits and protection, for illegals. Not to mention the money they spend hiring lawyers to fight depression of illegals who are felons, sanctuary cities, etc.",15,368,81,69,9,5,22,,,https://mbasic.facebook.com/comment/replies/?ctoken=10162169751605725_10162170412505725&p=758&count=769&pc=1&ft_ent_identifier=10162169751605725&gfid=AQDiJMzt15m2oxl8&refid=52&__tn__=R,,,,,,,,
,,,,,,,,,,,,,,Betsy Hammond,,,,,,,
Leana Young-Lottman,Betsy Hammond,2019-02-16,Betsy Hammond those things should have been taken care of long before now! Once all the illigles are not getting resources the legal people should get it.,33,368,81,69,9,5,22,,,https://mbasic.facebook.com/comment/replies/?ctoken=10162169751605725_10162170412505725&p=768&count=769&pc=2&pgdir=1&ft_ent_identifier=10162169751605725&gfid=AQAjHTcZJjw0P4MX,,,,,,,,
Mildred Trujillo,Adam Somerville,2019-02-17,Edgar D. Gutierrez the first lady was here LEGALLY and then became A LEGAL CITIZEN. What part dont you understand so that I can dumb it down to your level.,,267,27,27,1,,1,,,https://mbasic.facebook.com/comment/replies/?ctoken=10162169751605725_10162170376710725&count=41&curr&pc=1&ft_ent_identifier=10162169751605725&gfid=AQC-vThTgaWqfozk&refid=52&__tn__=R,,,,,,,,
,,,,,,,,,,,,,,Adam Somerville,Male,,,,"Veterans4life,Armed Security Services,Oklahoma City Fire Department,Shawnee Fire Department",,
,,,,,,,,,,,,,,Adam Somerville,Male,,,,"Veterans4life,Armed Security Services,Oklahoma City Fire Department,Shawnee Fire Department",,
,,,,,,,,,,,,,,Adam Somerville,Male,,,,"Veterans4life,Armed Security Services,Oklahoma City Fire Department,Shawnee Fire Department",,
,,,,,,,,,,,,,,Adam Somerville,Male,,,,"Veterans4life,Armed Security Services,Oklahoma City Fire Department,Shawnee Fire Department",,
Dante Noel,Adam Somerville,2019-02-16,Adam Somerville A fire fighter supporting this policies. Perhaps you need to consider in changing your career pal. 😅,4,267,27,27,1,,1,,,https://mbasic.facebook.com/comment/replies/?ctoken=10162169751605725_10162170376710725&p=40&count=41&pc=5&pgdir=1&ft_ent_identifier=10162169751605725&gfid=AQDQs_PIdSdP5aRX,,,,,,,,
Dave Callender,Dave Callender,2019-02-17,Robert Duncan I'll try.,,87,48,23,1,,1,,,https://mbasic.facebook.com/comment/replies/?ctoken=10162169751605725_215435265987324&p=35&count=86&pc=1&ft_ent_identifier=10162169751605725&gfid=AQBJE1GuZJJkEvv_&refid=52&__tn__=R,,,,,,,,
,,,,,,,,,,,,,,Dave Callender,,,"Surry, New Hampshire","Harbor Beach, Michigan","North Pole Enterprises,Peerless Insurance Company,National Grange Mutual Insurance Company","Keene State College,St. Clair County Community College,Harbor Beach Community High School",
,,,,,,,,,,,,,,Dave Callender,,,"Surry, New Hampshire","Harbor Beach, Michigan","North Pole Enterprises,Peerless Insurance Company,National Grange Mutual Insurance Company","Keene State College,St. Clair County Community College,Harbor Beach Community High School",
,,,,,,,,,,,,,,Dave Callender,,,"Surry, New Hampshire","Harbor Beach, Michigan","North Pole Enterprises,Peerless Insurance Company,National Grange Mutual Insurance Company","Keene State College,St. Clair County Community College,Harbor Beach Community High School",
,,,,,,,,,,,,,,Dave Callender,,,"Surry, New Hampshire","Harbor Beach, Michigan","North Pole Enterprises,Peerless Insurance Company,National Grange Mutual Insurance Company","Keene State College,St. Clair County Community College,Harbor Beach Community High School",
,,,,,,,,,,,,,,Dave Callender,,,"Surry, New Hampshire","Harbor Beach, Michigan","North Pole Enterprises,Peerless Insurance Company,National Grange Mutual Insurance Company","Keene State College,St. Clair County Community College,Harbor Beach Community High School",
Cameron Palomo,Dave Callender,2019-02-16,Dave Callender gave me a good laugh! Bravo!,7,87,48,23,1,,1,,,https://mbasic.facebook.com/comment/replies/?ctoken=10162169751605725_215435265987324&p=85&count=86&pc=6&pgdir=1&ft_ent_identifier=10162169751605725&gfid=AQBmYA1w3y04W8TM,,,,,,,,
C Charles Coulter,Ed Wrany,2019-02-20,Justin Fields you are an idiot!,,241,36,30,1,,3,,,https://mbasic.facebook.com/comment/replies/?ctoken=10162169751605725_10162170376975725&count=29&curr&pc=1&ft_ent_identifier=10162169751605725&gfid=AQBw-288TbtVnbvs&refid=52&__tn__=R,,,,,,,,
,,,,,,,,,,,,,,Ed Wrany,Male,,,,,,
,,,,,,,,,,,,,,Ed Wrany,Male,,,,,,
Maida Broadbent Williams,Ed Wrany,2019-02-16,"Jim Smith No, a concerned American citizen who cares about our country. I have a right to my opinion just as you do. Can I call you a TROLL for disagreeing with me?????",1,241,36,30,1,,3,,,https://mbasic.facebook.com/comment/replies/?ctoken=10162169751605725_10162170376975725&p=20&count=29&pc=3&pgdir=1&ft_ent_identifier=10162169751605725&gfid=AQCRDzrXsJXNweJ5,,,,,,,,
