source,reply_to,date,text,reactions,likes,ahah,love,wow,sigh,grrr,comments,post_id,url,name,gender,birthday,current_city,hometown,work,education,interested_in
Thomas Holkenbrink,Wendi DelValle,2019-02-16,"Wendi DelValle sounds like guns in the wrong hands is the issue, not walls.   5 Americans shot and killed at their job, by another American.",12,1.9K,53,194,7,822,25,,,https://mbasic.facebook.com/comment/replies/?ctoken=10162169751605725_10162170395620725&p=1143&count=1178&pc=1&ft_ent_identifier=10162169751605725&gfid=AQAGkpqLNf7N0UCZ&refid=52&__tn__=R,,,,,,,,
,,,,,,,,,,,,,,Wendi DelValle,Female,,"Plant City, Florida","Lithia, Florida",Nunya Bidness,Durant High School,
Lori Bare,Wendi DelValle,2019-02-16,"So sorry for your loss. These idiots who turn their heads and pretend not to hear or see what is going on because see they haven't had a loved one killed by an illegal are fooling themselves if they think they are going to remain safe if this situation isnt dealt with. I stand with our president, and I stand with all who have lost a loved one because the Democrats refuse to help support the wall.",68,1.9K,53,194,7,822,25,,,https://mbasic.facebook.com/comment/replies/?ctoken=10162169751605725_10162170395620725&p=1153&count=1178&pc=2&pgdir=1&ft_ent_identifier=10162169751605725&gfid=AQBjOhD7ADcOW6PW,,,,,,,,
Christine Huggard Roach,Wendi DelValle,2019-02-16,Wendi DelValle  so sorry for your loss! The people’s president has your back he WILL build the wall!!,101,1.9K,53,194,7,822,25,,,https://mbasic.facebook.com/comment/replies/?ctoken=10162169751605725_10162170395620725&p=1163&count=1178&pc=3&pgdir=1&ft_ent_identifier=10162169751605725&gfid=AQCPdA5ns-ccR-5M,,,,,,,,
Kay Mike,Wendi DelValle,2019-02-16,"I'm sorry for your loss. But then, how about white males shooting up schools and theaters? This is utter hypocrisy!",46,1.9K,53,194,7,822,25,,,https://mbasic.facebook.com/comment/replies/?ctoken=10162169751605725_10162170395620725&p=1173&count=1178&pc=4&pgdir=1&ft_ent_identifier=10162169751605725&gfid=AQDfiRmsPYuIu-0j,,,,,,,,
SJ Rain,Wendi DelValle,2019-02-16,Wendi DelValle Im so sorry for your loss. Lets hope this wall gets built. Maybe it should be engraved with the names of all the lives that have been lost because we didn’t have it.,186,1.9K,53,194,7,822,25,,,https://mbasic.facebook.com/comment/replies/?ctoken=10162169751605725_10162170395620725&p=1173&count=1178&pc=4&pgdir=1&ft_ent_identifier=10162169751605725&gfid=AQDfiRmsPYuIu-0j,,,,,,,,
,,,,,,,,,,,,,,Danny Jones,Male,,,,,,
Liam A. Woody Green,Danny Jones,2019-02-18,"Yeah, Angel Precious .  $22tn deficit the highest ever. He really cares about himself!",1,893,40,72,2,8,3,,,https://mbasic.facebook.com/comment/replies/?ctoken=10162169751605725_10162170387005725&p=10&count=157&pc=2&pgdir=1&ft_ent_identifier=10162169751605725&gfid=AQD6nE3Q15-Ddrub,,,,,,,,
Srinivas Ch,Danny Jones,2019-02-17,Ok ppl are getting paranoid here,1,893,40,72,2,8,3,,,https://mbasic.facebook.com/comment/replies/?ctoken=10162169751605725_10162170387005725&p=20&count=157&pc=3&pgdir=1&ft_ent_identifier=10162169751605725&gfid=AQCj74Wkjj02nIiz,,,,,,,,
Lloyd Blackband,Danny Jones,2019-02-17,"Kevin smith, ha so you believe in an armed revolution very gung ho of you to recommend that to the UK. Be we are not Gun mad unlike you lot who don't deal with the problem thats killing your kids",,893,40,72,2,8,3,,,https://mbasic.facebook.com/comment/replies/?ctoken=10162169751605725_10162170387005725&p=30&count=157&pc=4&pgdir=1&ft_ent_identifier=10162169751605725&gfid=AQD2o9GnLS8E8Xao,,,,,,,,
Robert Cee,Danny Jones,2019-02-17,"BC:  Nope, try again low output person  https://www.brookings.edu/blog/the-avenue/2016/11/29/another-clinton-trump-divide-high-output-america-vs-low-output-america/  I live in NYC, we don’t need Amazon, but funny how they wanted to come to our liberal bubble",,893,40,72,2,8,3,,,https://mbasic.facebook.com/comment/replies/?ctoken=10162169751605725_10162170387005725&p=40&count=157&pc=5&pgdir=1&ft_ent_identifier=10162169751605725&gfid=AQBuQAX9UySAZ_de,,,,,,,,
Sheikh Shovon,Danny Jones,2019-02-17,Skip Rowland El Chapo got caught. Your businesses are over libs. #Build_The_Wall,,893,40,72,2,8,3,,,https://mbasic.facebook.com/comment/replies/?ctoken=10162169751605725_10162170387005725&p=50&count=157&pc=6&pgdir=1&ft_ent_identifier=10162169751605725&gfid=AQBo3UhmricrYl69,,,,,,,,
Iain McGuire,Danny Jones,2019-02-17,"James Domitrovich , he’s deid",,893,40,72,2,8,3,,,https://mbasic.facebook.com/comment/replies/?ctoken=10162169751605725_10162170387005725&p=60&count=157&pc=7&pgdir=1&ft_ent_identifier=10162169751605725&gfid=AQCq1ewU24Qj0VKI,,,,,,,,
Brandon Rice,Danny Jones,2019-02-16,Move to the US brother. We need more people like you here.,5,893,40,72,2,8,3,,,https://mbasic.facebook.com/comment/replies/?ctoken=10162169751605725_10162170387005725&p=70&count=157&pc=8&pgdir=1&ft_ent_identifier=10162169751605725&gfid=AQCGKKLGbjgghlC8,,,,,,,,
Robert Williamson,Danny Jones,2019-02-16,Carl Ostendarp and the leaders of their country’s are living it up while the people walk 1000 miles to break in here.  Why don’t you go bitch about what their leaders are doing and fix their country so they won’t need to come here,,893,40,72,2,8,3,,,https://mbasic.facebook.com/comment/replies/?ctoken=10162169751605725_10162170387005725&p=80&count=157&pc=9&pgdir=1&ft_ent_identifier=10162169751605725&gfid=AQAZQKCK6dKQENat,,,,,,,,
Mark Anthony,Danny Jones,2019-02-16,Danny Jones hear hear!,6,893,40,72,2,8,3,,,https://mbasic.facebook.com/comment/replies/?ctoken=10162169751605725_10162170387005725&p=90&count=157&pc=10&pgdir=1&ft_ent_identifier=10162169751605725&gfid=AQBIS7oOgcf6F-al,,,,,,,,
Bonnie Lee,Danny Jones,2019-02-16,Danny Jones Thank you for the kind thought.  This American really understands your anguish. It seems our culture is also being destroyed. Our President is trying with all his might to stop that from taking place.  I sincerely hope brexit goes though for the UK and that “WE” get  our border wall.,2,893,40,72,2,8,3,,,https://mbasic.facebook.com/comment/replies/?ctoken=10162169751605725_10162170387005725&p=100&count=157&pc=11&pgdir=1&ft_ent_identifier=10162169751605725&gfid=AQCFNy-X91P3CZU1,,,,,,,,
Robert Shearer,Danny Jones,2019-02-16,Danny Jones  Thank you for your sentiment.  Wish we could get the sheep over here to wake up and see reason before we end up in a civil war.,4,893,40,72,2,8,3,,,https://mbasic.facebook.com/comment/replies/?ctoken=10162169751605725_10162170387005725&p=110&count=157&pc=12&pgdir=1&ft_ent_identifier=10162169751605725&gfid=AQDy3mfE1_5sZGJf,,,,,,,,
Sandy Swaney Mahady,Danny Jones,2019-02-16,Danny Jones thank a Democrat for that,2,893,40,72,2,8,3,,,https://mbasic.facebook.com/comment/replies/?ctoken=10162169751605725_10162170387005725&p=120&count=157&pc=13&pgdir=1&ft_ent_identifier=10162169751605725&gfid=AQCKhGwFWIJkj1vz,,,,,,,,
Sandy Culbertson,Danny Jones,2019-02-16,Danny Jones thank you!,2,893,40,72,2,8,3,,,https://mbasic.facebook.com/comment/replies/?ctoken=10162169751605725_10162170387005725&p=130&count=157&pc=14&pgdir=1&ft_ent_identifier=10162169751605725&gfid=AQDhTJt0xLmpRgsw,,,,,,,,
Steve Smith,Danny Jones,2019-02-16,Dallas Woody Coerced? It's a representative of the United Kingdom proposing the idea! Where do I sign?,1,893,40,72,2,8,3,,,https://mbasic.facebook.com/comment/replies/?ctoken=10162169751605725_10162170387005725&p=140&count=157&pc=15&pgdir=1&ft_ent_identifier=10162169751605725&gfid=AQBUx9xaZ2o5_2BO,,,,,,,,
Linda Bogert,Danny Jones,2019-02-16,Silvia Serra Lobo He has the facts illegals get benefits right away but Americans are on a waiting list . You get the facts 🇺🇸,9,893,40,72,2,8,3,,,https://mbasic.facebook.com/comment/replies/?ctoken=10162169751605725_10162170387005725&p=150&count=157&pc=16&pgdir=1&ft_ent_identifier=10162169751605725&gfid=AQC2SZpF9zvSG_wO,,,,,,,,
Dallas Woody,Danny Jones,2019-02-16,its a globalist scam... allies wanting to defend each other shouldn't need to be coerced into doing so... either yah wanna help your homie ..or not,6,893,40,72,2,8,3,,,https://mbasic.facebook.com/comment/replies/?ctoken=10162169751605725_10162170387005725&p=150&count=157&pc=16&pgdir=1&ft_ent_identifier=10162169751605725&gfid=AQC2SZpF9zvSG_wO,,,,,,,,
,,,,,,,,,,,,,,Eva Graham,Female,,"Decatur, Alabama",,Decatur General,"Wallace Community College,Otto von Guericke",
Manny Guia,Eva Graham,2019-02-17,Eva Graham I think Trump should be the one to be impeach and put cinder blocks around his feet and put him deepest part of the ocean,,731,55,50,2,,4,,,https://mbasic.facebook.com/comment/replies/?ctoken=10162169751605725_10162170388465725&p=10&count=93&pc=2&pgdir=1&ft_ent_identifier=10162169751605725&gfid=AQCEsDrUdfwHkw6l,,,,,,,,
Bob Carl,Eva Graham,2019-02-17,Can use my tax money to help build a wall,1,731,55,50,2,,4,,,https://mbasic.facebook.com/comment/replies/?ctoken=10162169751605725_10162170388465725&p=20&count=93&pc=3&pgdir=1&ft_ent_identifier=10162169751605725&gfid=AQAbmXOV8XXL69X1,,,,,,,,
Renee Korabiak,Eva Graham,2019-02-16,And treason and drug and human trafficking and don't forget the RICO act,,731,55,50,2,,4,,,https://mbasic.facebook.com/comment/replies/?ctoken=10162169751605725_10162170388465725&p=30&count=93&pc=4&pgdir=1&ft_ent_identifier=10162169751605725&gfid=AQA_ROQNtigr0-Cr,,,,,,,,
Linda Gurtz Hildreth,Eva Graham,2019-02-16,Eva Graham at least Pelosi has shown her Tax returns.,3,731,55,50,2,,4,,,https://mbasic.facebook.com/comment/replies/?ctoken=10162169751605725_10162170388465725&p=40&count=93&pc=5&pgdir=1&ft_ent_identifier=10162169751605725&gfid=AQC79GvciCkLot51,,,,,,,,
John Petraitis,Eva Graham,2019-02-17,"Ah, stupid? trump is guilty of sedition; Pelosi is guilty of representing the majority of Americans in opposing the wall.",1,731,55,50,2,,4,,,https://mbasic.facebook.com/comment/replies/?ctoken=10162169751605725_10162170388465725&p=50&count=93&pc=6&pgdir=1&ft_ent_identifier=10162169751605725&gfid=AQDI8WwtUmm9lXMi,,,,,,,,
Sam LaMedica,Eva Graham,2019-02-16,Trump is a lying crook. If you believe what Trump says you're a SUCKER,2,731,55,50,2,,4,,,https://mbasic.facebook.com/comment/replies/?ctoken=10162169751605725_10162170388465725&p=60&count=93&pc=7&pgdir=1&ft_ent_identifier=10162169751605725&gfid=AQAO5uBkUTMZRwBF,,,,,,,,
Albert J Destefanis,Eva Graham,2019-02-16,"I also believe President Trump will dedicate his second term to draining the swamp as promised, which in my opinion is brilliant",18,731,55,50,2,,4,,,https://mbasic.facebook.com/comment/replies/?ctoken=10162169751605725_10162170388465725&p=70&count=93&pc=8&pgdir=1&ft_ent_identifier=10162169751605725&gfid=AQC7467Whu9BUVZq,,,,,,,,
Jeff Covington,Eva Graham,2019-02-16,Eva Graham hilarious. You people are thick,3,731,55,50,2,,4,,,https://mbasic.facebook.com/comment/replies/?ctoken=10162169751605725_10162170388465725&p=80&count=93&pc=9&pgdir=1&ft_ent_identifier=10162169751605725&gfid=AQCDO7OIFfV35pXM,,,,,,,,
Mike Woodruff,Eva Graham,2019-02-16,Maria Nichols you ever get tired of being a loser?,2,731,55,50,2,,4,,,https://mbasic.facebook.com/comment/replies/?ctoken=10162169751605725_10162170388465725&p=90&count=93&pc=10&pgdir=1&ft_ent_identifier=10162169751605725&gfid=AQBOOrHxapYYol4a,,,,,,,,
Maria Nichols,Eva Graham,2019-02-16,It's Mueller Time!!!!,22,731,55,50,2,,4,,,https://mbasic.facebook.com/comment/replies/?ctoken=10162169751605725_10162170388465725&p=90&count=93&pc=10&pgdir=1&ft_ent_identifier=10162169751605725&gfid=AQBOOrHxapYYol4a,,,,,,,,
,,,,,,,,,,,,,,Alberto Weisz,Male,,Adamantina,Adamantina,,,
Roy Norwood,Alberto Weisz,2019-02-16,"Larry Lubiner next get rid of the ones that over stay visa , hap  to start somewhere",1,604,48,38,1,,1,,,https://mbasic.facebook.com/comment/replies/?ctoken=10162169751605725_10162170377070725&p=145&count=174&pc=2&pgdir=1&ft_ent_identifier=10162169751605725&gfid=AQDOhrb2FnUs3zOm,,,,,,,,
Lori Bare,Alberto Weisz,2019-02-16,"Larry Lubiner so, you didn't pay attention about the thousands of migrants coming up from south America? What you are claiming is ridiculous!",4,604,48,38,1,,1,,,https://mbasic.facebook.com/comment/replies/?ctoken=10162169751605725_10162170377070725&p=155&count=174&pc=3&pgdir=1&ft_ent_identifier=10162169751605725&gfid=AQA2biSx5x4IWipW,,,,,,,,
Bernadette Siravo,Alberto Weisz,2019-02-16,Alberto Weisz 👍👍,4,604,48,38,1,,1,,,https://mbasic.facebook.com/comment/replies/?ctoken=10162169751605725_10162170377070725&p=165&count=174&pc=4&pgdir=1&ft_ent_identifier=10162169751605725&gfid=AQCUL3Yit2D5yACu,,,,,,,,
Michelle Toolson,Alberto Weisz,2019-02-16,Alberto Weisz exactly 🙌,10,604,48,38,1,,1,,,https://mbasic.facebook.com/comment/replies/?ctoken=10162169751605725_10162170377070725&p=165&count=174&pc=4&pgdir=1&ft_ent_identifier=10162169751605725&gfid=AQCUL3Yit2D5yACu,,,,,,,,
,,,,,,,,,,,,,,Lynn Limauro Floyd ,Female,,,,,,
Bonnie Heaps- Cristi,Lynn Limauro Floyd,2019-02-17,Lynn Limauro Floyd  firing squad is better,,123,2,10,,45,1,,,https://mbasic.facebook.com/comment/replies/?ctoken=10162169751605725_109898119997924&p=10&count=20&pc=2&pgdir=1&ft_ent_identifier=10162169751605725&gfid=AQDmQ8Wm4sLBRXDE,,,,,,,,
